{
  "training_summary": {
    "dataset_size": 1000,
    "training_samples": 800,
    "test_samples": 200,
    "feature_count": 9,
    "best_model": "Gradient Boosting"
  },
  "model_performance": {
    "Random Forest": {
      "train_r2": 0.9998380368740215,
      "test_r2": 0.9987521944439015,
      "test_mae": 0.09587743739593829,
      "test_rmse": 0.18607178914721867,
      "cv_mean": 0.9992640531015502,
      "cv_std": 0.00018762322056856403
    },
    "Gradient Boosting": {
      "train_r2": 0.9999926213964524,
      "test_r2": 0.9991199240218578,
      "test_mae": 0.0725183017796328,
      "test_rmse": 0.15626695855611025,
      "cv_mean": 0.9995602040796326,
      "cv_std": 0.00013418234754654148
    },
    "Linear Regression": {
      "train_r2": 0.9995472932557931,
      "test_r2": 0.9995150356087044,
      "test_mae": 0.08839388544633131,
      "test_rmse": 0.11600107175501514,
      "cv_mean": 0.9995248295565242,
      "cv_std": 5.1127018578573135e-05
    }
  },
  "feature_names": [
    "experience_group",
    "role",
    "location",
    "education_level",
    "years_of_experience",
    "market_rate",
    "performance_rating",
    "leadership_score",
    "cross_functional_experience"
  ],
  "data_statistics": {
    "salary_mean": 12.7183,
    "salary_std": 5.307874210890707,
    "salary_min": 5.1,
    "salary_max": 28.4
  }
}